set foreign_key_checks=0; # 关闭外键约束
INSERT INTO mooc_categories (`id`, `code`, `name`, `parent_id`, `created_at`, `updated_at`) VALUES
(1, 'cat_b_m', 'Business & Management', NULL, NULL, NULL),
(2, 'cat_c_s', 'Computer Science', NULL, NULL, NULL),
(3, 'cat_d_s', 'Data Science', NULL, NULL, NULL),
(4, 'cat_d', 'Design', NULL, NULL, NULL),
(5, 'cat_h', 'Health', NULL, NULL, NULL),
(6, 'cat_l', 'Language', NULL, NULL, NULL),
(7, 'cat_m_l', 'Math & Logic', NULL, NULL, NULL),
(8, 'cat_p_d', 'Personal Development', NULL, NULL, NULL),
(9, 'cat_p_s_e', 'Physical Science & Engineering', NULL, NULL, NULL),
(10, 'cat_s_s', 'Social Sciences', NULL, NULL, NULL),
(11, 'cat_t_p', 'Test Prep', NULL, NULL, NULL),
(12, 'cat_n', 'None', NULL, NULL, NULL),
(13, 'cat_java', 'Java', 2, NULL, NULL),
(14, 'cat_py', 'Python', 2, NULL, NULL),
(15, 'cat_dart', 'Dart', 2, NULL, NULL),
(16, 'cat_java_spring', 'Spring', 13, NULL, NULL);
ALTER TABLE mooc_categories AUTO_INCREMENT=17;
INSERT INTO mooc_product_categories (`category_id`, `product_id`) VALUES
(1, 1),
(2, 2),
(2, 3),
(3, 4),
(3, 5),
(3, 6),
(4, 7),
(5, 8),
(5, 9),
(6, 10),
(6, 11),
(6, 12),
(7, 13),
(7, 14),
(8, 15),
(9, 16),
(10, 17),
(11, 18),
(11, 19),
(11, 20),
(12, 21),
(12, 22),
(12, 23),
(12, 24);
INSERT INTO mooc_products (`id`, `name`, `description`, `price`, `created_at`, `updated_at`, `sku`, `original_price`) VALUES
(1, '真维斯白色短袖t恤女夏季纯棉宽松体恤2023新款百搭显瘦半袖上衣', 'Learn how to use data to make better decisions', 10.00, NULL, NULL, 'sku_1', 20.00),
(2, 'Pioneer camp冰氧吧短袖t恤女夏季薄款宽松透气半袖上衣速干体恤', 'Learn how to use data to make better decisions', 20.00, NULL, NULL, 'sku_2', 30.00),
(3, '海谧2023夏新款纯色极简系带T恤裙简约气质压褶舒适连衣裙女', 'Learn how to use data to make better decisions', 30.00, NULL, NULL, 'sku_3', 40.00),
(4, 'Data Science 4', 'Learn how to use data to make better decisions', 40.00, NULL, NULL, 'sku_4', 50.00),
(5, 'Data Science 5', 'Learn how to use data to make better decisions', 50.00, NULL, NULL, 'sku_5', 60.00),
(6, 'Data Science 6', 'Learn how to use data to make better decisions', 60.00, NULL, NULL, 'sku_6', 70.00),
(7, 'Design 7', 'Learn how to use data to make better decisions', 70.00, NULL, NULL, 'sku_7', 80.00),
(8, 'Health 8', 'Learn how to use data to make better decisions', 80.00, NULL, NULL, 'sku_8', 90.00),
(9, 'Health 9', 'Learn how to use data to make better decisions', 90.00, NULL, NULL, 'sku_9', 100.00),
(10, 'Language 10', 'Learn how to use data to make better decisions', 100.00, NULL, NULL, 'sku_10', 110.00),
(11, 'Language 11', 'Learn how to use data to make better decisions', 110.00, NULL, NULL, 'sku_11', 120.00),
(12, 'Language 12', 'Learn how to use data to make better decisions', 120.00, NULL, NULL, 'sku_12', 130.00),
(13, 'Math & Logic 13', 'Learn how to use data to make better decisions', 130.00, NULL, NULL, 'sku_13', 140.00),
(14, 'Math & Logic 14', 'Learn how to use data to make better decisions', 140.00, NULL, NULL, 'sku_14', 150.00),
(15, 'Personal Development 15', 'Learn how to use data to make better decisions', 150.00, NULL, NULL, 'sku_15', 160.00),
(16, 'Physical Science & Engineering 16', 'Learn how to use data to make better decisions', 160.00, NULL, NULL, 'sku_16', 170.00),
(17, 'Social Sciences 17', 'Learn how to use data to make better decisions', 170.00, NULL, NULL, 'sku_17', 180.00),
(18, 'Test Prep 18', 'Learn how to use data to make better decisions', 180.00, NULL, NULL, 'sku_18', 190.00),
(19, 'Test Prep 19', 'Learn how to use data to make better decisions', 190.00, NULL, NULL, 'sku_19', 200.00),
(20, 'Test Prep 20', 'Learn how to use data to make better decisions', 200.00, NULL, NULL, 'sku_20', 210.00),
(21, 'Hilton Atlanta', 'Learn how to use data to make better decisions', 210.00, NULL, NULL, 'sku_21', 220.00),
(22, 'SpringHill Suites by Marriott Atlanta Buckhead', 'Learn how to use data to make better decisions', 220.00, NULL, NULL, 'sku_22', 230.00),
(23, 'None 23', 'Learn how to use data to make better decisions', 230.00, NULL, NULL, 'sku_23', NULL),
(24, 'The Westin Peachtree Plaza, Atlanta', 'Learn how to use data to make better decisions', 240.00, NULL, NULL, 'sku_24', NULL);
ALTER TABLE mooc_products AUTO_INCREMENT=25;
INSERT INTO mooc_product_images (`id`, `image_url`, `product_id`, `created_at`, `updated_at`) VALUES
(1, 'https://img.pddpic.com/gaudit-image/2023-04-22/b49ab90e9863bea58e706679d1605b7a.jpeg', 1, NULL, NULL),
(2, 'https://img.pddpic.com/gaudit-image/2023-03-17/9cd7fd37e2df711e82db673a3d4a5b73.jpeg', 2, NULL, NULL),
(3, 'https://img.pddpic.com/gaudit-image/2023-06-27/c5919976ed0bac899fcc785c8d651f52.jpeg', 3, NULL, NULL),
(4, 'https://images.pexels.com/photos/11700840/pexels-photo-11700840.jpeg?auto=compress&cs=tinysrgb&w=1600&lazy=load', 4, NULL, NULL),
(5, 'https://images.pexels.com/photos/8042737/pexels-photo-8042737.jpeg?auto=compress&cs=tinysrgb&w=1600&lazy=load', 5, NULL, NULL),
(6, 'https://images.pexels.com/photos/4659444/pexels-photo-4659444.jpeg?auto=compress&cs=tinysrgb&w=1600&lazy=load', 6, NULL, NULL),
(7, 'https://images.pexels.com/photos/7426478/pexels-photo-7426478.jpeg?auto=compress&cs=tinysrgb&w=1600&lazy=load', 7, NULL, NULL),
(8, 'https://images.pexels.com/photos/7541732/pexels-photo-7541732.jpeg?auto=compress&cs=tinysrgb&w=1600&lazy=load', 8, NULL, NULL),
(9, 'https://images.pexels.com/photos/9143960/pexels-photo-9143960.jpeg?auto=compress&cs=tinysrgb&w=1600&lazy=load', 9, NULL, NULL),
(10, 'https://images.pexels.com/photos/9143958/pexels-photo-9143958.jpeg?auto=compress&cs=tinysrgb&w=1600&lazy=load', 10, NULL, NULL),
(11, 'https://images.pexels.com/photos/9143964/pexels-photo-9143964.jpeg?auto=compress&cs=tinysrgb&w=1600&lazy=load', 11, NULL, NULL),
(12, 'https://images.pexels.com/photos/9143965/pexels-photo-9143965.jpeg?auto=compress&cs=tinysrgb&w=1600&lazy=load', 12, NULL, NULL),
(13, 'https://images.pexels.com/photos/9144030/pexels-photo-9144030.jpeg?auto=compress&cs=tinysrgb&w=1600&lazy=load', 13, NULL, NULL),
(14, 'https://images.pexels.com/photos/11681061/pexels-photo-11681061.jpeg?auto=compress&cs=tinysrgb&w=1600&lazy=load', 14, NULL, NULL),
(15, 'https://images.pexels.com/photos/4045619/pexels-photo-4045619.jpeg?auto=compress&cs=tinysrgb&w=1600&lazy=load', 15, NULL, NULL),
(16, 'https://images.pexels.com/photos/10661108/pexels-photo-10661108.jpeg?auto=compress&cs=tinysrgb&w=1600', 16, NULL, NULL),
(17, 'https://images.pexels.com/photos/13911326/pexels-photo-13911326.jpeg?auto=compress&cs=tinysrgb&w=1600', 17, NULL, NULL),
(18, 'https://images.pexels.com/photos/9588261/pexels-photo-9588261.jpeg?auto=compress&cs=tinysrgb&w=1600', 18, NULL, NULL),
(19, 'https://images.pexels.com/photos/10566125/pexels-photo-10566125.jpeg?auto=compress&cs=tinysrgb&w=1600', 19, NULL, NULL),
(20, 'https://images.pexels.com/photos/4045031/pexels-photo-4045031.jpeg?auto=compress&cs=tinysrgb&w=1600', 20, NULL, NULL),
(21, 'https://ak-d.tripcdn.com/images/22070l000000dann94033_R_640_440_R5_D.jpg_.webp', 21, NULL, NULL),
(22, 'https://ak-d.tripcdn.com/images/220813000000uj76yE162_R_640_440_R5_D.jpg_.webp', 22, NULL, NULL),
(23, 'https://images.pexels.com/photos/12528815/pexels-photo-12528815.jpeg', 23, NULL, NULL),
(24, 'https://ak-d.tripcdn.com/images/220j050000000iape685E_R_600_400_R5_D.jpg_.webp', 24, NULL, NULL);
ALTER TABLE mooc_product_images AUTO_INCREMENT=25;
INSERT INTO mooc_pages(`id`,`created_at`, `updated_at`, `platform`, `page_type`, `config`, `title`, `start_time`, `end_time`, `status`) VALUES
(1, CURRENT_TIMESTAMP, CURRENT_TIMESTAMP, 'App', 'Home', '{"horizontalPadding":0.0,"verticalPadding":0.0,"baselineScreenWidth":400.0}', '旅游首页布局', NULL, NULL, 'Draft'),
(2, CURRENT_TIMESTAMP, CURRENT_TIMESTAMP, 'App', 'Home', '{"horizontalPadding":8.0,"verticalPadding":4.0,"baselineScreenWidth":400.0}', '服装首页布局', DATE_ADD(CURRENT_DATE(), INTERVAL -1 DAY), DATE_ADD(CURRENT_DATE(), INTERVAL 30 DAY), 'Published');
ALTER TABLE mooc_pages AUTO_INCREMENT=3;
INSERT INTO mooc_page_blocks (`id`, `title`, `type`, `sort`, `config`, `page_id`) VALUES
(1, '轮播图区块', 'Banner', 1, '{"horizontalPadding":12.0,"verticalPadding":12.0,"horizontalSpacing":4.0,"verticalSpacing":4.0,"blockWidth":376.0,"blockHeight":220.0,"backgroundColor":"#00000000","borderColor":"#00000000","borderWidth":0.0}', 1),
(2, '一行一图片区块', 'ImageRow', 4, '{"horizontalPadding":12.0,"verticalPadding":12.0,"horizontalSpacing":4.0,"verticalSpacing":4.0,"blockWidth":376.0,"blockHeight":120.0,"backgroundColor":"#00000000","borderColor":"#00000000","borderWidth":0.0}', 1),
(3, '一行二图片区块', 'ImageRow', 3, '{"horizontalPadding":12.0,"verticalPadding":12.0,"horizontalSpacing":4.0,"verticalSpacing":4.0,"blockWidth":376.0,"blockHeight":96.0,"backgroundColor":null,"borderColor":null,"borderWidth":null}', 1),
(4, '一行三图片区块', 'ImageRow', 6, '{"horizontalPadding":12.0,"verticalPadding":12.0,"horizontalSpacing":4.0,"verticalSpacing":4.0,"blockWidth":376.0,"blockHeight":96.0,"backgroundColor":null,"borderColor":null,"borderWidth":null}', 1),
(6, '一行一产品区块', 'ProductRow', 5, '{"horizontalPadding":12.0,"verticalPadding":12.0,"horizontalSpacing":4.0,"verticalSpacing":4.0,"blockWidth":376.0,"blockHeight":136.0,"backgroundColor":"#fff9f9f9","borderColor":"#00000000","borderWidth":0.0}', 1),
(7, '一行二产品区块', 'ProductRow', 2, '{"horizontalPadding":12.0,"verticalPadding":12.0,"horizontalSpacing":4.0,"verticalSpacing":4.0,"blockWidth":376.0,"blockHeight":320.0,"backgroundColor":"#00000000","borderColor":"#00000000","borderWidth":0.0}', 1),
(8, '瀑布流区块', 'Waterfall', 8, '{"horizontalPadding":12.0,"verticalPadding":12.0,"horizontalSpacing":4.0,"verticalSpacing":4.0,"blockWidth":376.0,"blockHeight":null}', 1),
(10, 'ImageRow 1', 'ImageRow', 0, '{"horizontalPadding":12.0,"verticalPadding":12.0,"horizontalSpacing":6.0,"verticalSpacing":6.0,"blockWidth":376.0,"blockHeight":200.0,"backgroundColor":"#ffffffff","borderColor":"#00000000","borderWidth":0.0}', 2),
(11, 'ProductRow 2', 'ProductRow', 1, '{"horizontalPadding":12.0,"verticalPadding":12.0,"horizontalSpacing":6.0,"verticalSpacing":6.0,"blockWidth":376.0,"blockHeight":148.0,"backgroundColor":"#ffffffff","borderColor":"#00000000","borderWidth":0.0}', 2),
(12, 'ProductRow 3', 'ProductRow', 2, '{"horizontalPadding":12.0,"verticalPadding":12.0,"horizontalSpacing":6.0,"verticalSpacing":6.0,"blockWidth":376.0,"blockHeight":336.0,"backgroundColor":"#ffffffff","borderColor":"#00000000","borderWidth":0.0}', 2),
(13, 'ImageRow 4', 'ImageRow', 3, '{"horizontalPadding":12.0,"verticalPadding":12.0,"horizontalSpacing":6.0,"verticalSpacing":6.0,"blockWidth":376.0,"blockHeight":200.0,"backgroundColor":"#ffffffff","borderColor":"#00000000","borderWidth":0.0}', 2),
(14, 'ImageRow 5', 'ImageRow', 4, '{"horizontalPadding":12.0,"verticalPadding":12.0,"horizontalSpacing":6.0,"verticalSpacing":6.0,"blockWidth":376.0,"blockHeight":200.0,"backgroundColor":"#ffffffff","borderColor":"#00000000","borderWidth":0.0}', 2);
ALTER TABLE mooc_page_blocks AUTO_INCREMENT=15;
INSERT INTO mooc_page_block_data (`id`, `sort`, `content`, `page_block_id`) VALUES
(1, 1, '{"image":"https://ak-d.tripcdn.com/images/0a10612000aq6nbiu0827.jpg","title":"image1","link":{"type":"url","value":"https://baidu.com"},"dataType":"image"}', 1),
(2, 2, '{"image":"https://ak-d.tripcdn.com/images/0a12j12000becq7g4ACD1.png","title":"image2","link":{"type":"url","value":"https://google.com"},"dataType":"image"}', 1),
(3, 3, '{"image":"https://ak-d.tripcdn.com/images/0a12w12000b96vq19AE13.png","title":"image3","link":{"type":"url","value":"https://bing.com"},"dataType":"image"}', 1),
(9, 3, '{"image":"https://images.pexels.com/photos/13551077/pexels-photo-13551077.jpeg?auto=compress&cs=tinysrgb&w=1600&lazy=load","title":"image3","link":{"type":"url","value":"https://bing.com"},"dataType":"image"}', 4),
(14, 1, '{"id":24,"sku":"sku_24","name":"The Westin Peachtree Plaza, Atlanta","description":"Learn how to use data to make better decisions","price":"¥5240.22","categories":[{"id":12,"name":"None","code":"cat_n","parentId":null,"children":[],"dataType":"category"}],"images":["https://ak-d.tripcdn.com/images/220j050000000iape685E_R_600_400_R5_D.jpg_.webp"],"dataType":"product"}', 6),
(15, 1, '{"id":22,"sku":"sku_22","name":"SpringHill Suites by Marriott Atlanta Buckhead","description":"Learn how to use data to make better decisions","price":"¥5220.0","categories":[{"id":12,"name":"None","code":"cat_n","parentId":null,"children":[],"dataType":"category"}],"images":["https://ak-d.tripcdn.com/images/220813000000uj76yE162_R_640_440_R5_D.jpg_.webp"],"dataType":"product"}', 7),
(16, 2, '{"id":21,"sku":"sku_21","name":"Hilton Atlanta","description":"Learn how to use data to make better decisions","price":"¥5210.0","categories":[{"id":12,"name":"None","code":"cat_n","parentId":null,"children":[],"dataType":"category"}],"images":["https://ak-d.tripcdn.com/images/22070l000000dann94033_R_640_440_R5_D.jpg_.webp"],"dataType":"product"}', 7),
(17, 1, '{"id":12,"name":"None","code":"cat_n","parentId":null,"children":[],"dataType":"category"}', 8),
(18, 1, '{"image":"https://youimg1.tripcdn.com/target/100j0s000000i8kplE8EF_C_880_350_R5.jpg?proc=source%2ftrip","title":null,"link":{"type":"url","value":"https://baidu.com"},"dataType":"image"}', 2),
(19, 1, '{"image":"https://ak-d.tripcdn.com/images/100s0q000000gg1fs4B9F_C_880_350_R5.jpg?proc=source%2ftrip","title":null,"link":{"type":"url","value":"https://baidu.com"},"dataType":"image"}', 3),
(21, 2, '{"image":"https://youimg1.tripcdn.com/target/01032120008skjakk70E6_C_670_376_Q70.webp?proc=source%2ftrip&proc=source%2ftrip","title":null,"link":{"type":"url","value":"https://bing.com"},"dataType":"image"}', 3),
(22, 3, '{"image":"https://ak-d.tripcdn.com/images/220a0g00000081pbu618A_R_960_660_R5_D.jpg_.webp","title":null,"link":{"type":"url","value":"https://bing.com"},"dataType":"image"}', 4),
(23, 2, '{"image":"https://ak-d.tripcdn.com/images/220r10000000og6skA912_R_452_274_R5_D.jpg_.webp","title":null,"link":{"type":"route","value":"/detail/1"},"dataType":"image"}', 4),
(24, 3, '{"image":"https://ak-d.tripcdn.com/images/220u180000013xjyv7EAA_R_452_274_R5_D.jpg_.webp","title":null,"link":{"type":"route","value":"/detail/2"},"dataType":"image"}', 4),
(29, 1, '{"image":"https://cdn.pinduoduo.com/upload/home/img/subject/girlclothes.jpg","title":null,"link":{"type":"url","value":"https://bing.com"},"dataType":"image"}', 10),
(31, 1, '{"id":1,"sku":"sku_1","name":"真维斯白色短袖t恤女夏季纯棉宽松体恤2023新款百搭显瘦半袖上衣","description":"Learn how to use data to make better decisions","originalPrice":"¥520.00","price":"¥510.00","categories":[{"id":1,"name":"Business & Management","code":"cat_b_m","parentId":null,"children":[],"dataType":"category"}],"images":["https://img.pddpic.com/gaudit-image/2023-04-22/b49ab90e9863bea58e706679d1605b7a.jpeg"],"dataType":"product"}', 11),
(32, 1, '{"id":3,"sku":"sku_3","name":"海谧2023夏新款纯色极简系带T恤裙简约气质压褶舒适连衣裙女","description":"Learn how to use data to make better decisions","originalPrice":"¥540.00","price":"¥530.00","categories":[{"id":2,"name":"Computer Science","code":"cat_c_s","parentId":null,"children":[{"id":15,"name":"Dart","code":"cat_dart","parentId":null,"children":[],"dataType":"category"},{"id":13,"name":"Java","code":"cat_java","parentId":null,"children":[{"id":16,"name":"Spring","code":"cat_java_spring","parentId":null,"children":[],"dataType":"category"}],"dataType":"category"},{"id":14,"name":"Python","code":"cat_py","parentId":null,"children":[],"dataType":"category"}],"dataType":"category"}],"images":["https://img.pddpic.com/gaudit-image/2023-06-27/c5919976ed0bac899fcc785c8d651f52.jpeg"],"dataType":"product"}', 12);
INSERT INTO mooc_page_block_data (`id`, `sort`, `content`, `page_block_id`) VALUES
(33, 2, '{"id":2,"sku":"sku_2","name":"Pioneer camp冰氧吧短袖t恤女夏季薄款宽松透气半袖上衣速干体恤","description":"Learn how to use data to make better decisions","originalPrice":"¥530.00","price":"¥520.00","categories":[{"id":2,"name":"Computer Science","code":"cat_c_s","parentId":null,"children":[{"id":15,"name":"Dart","code":"cat_dart","parentId":null,"children":[],"dataType":"category"},{"id":13,"name":"Java","code":"cat_java","parentId":null,"children":[{"id":16,"name":"Spring","code":"cat_java_spring","parentId":null,"children":[],"dataType":"category"}],"dataType":"category"},{"id":14,"name":"Python","code":"cat_py","parentId":null,"children":[],"dataType":"category"}],"dataType":"category"}],"images":["https://img.pddpic.com/gaudit-image/2023-03-17/9cd7fd37e2df711e82db673a3d4a5b73.jpeg"],"dataType":"product"}', 12),
(34, 1, '{"image":"https://cdn.pinduoduo.com/upload/home/img/subject/boyshirt.jpg","title":null,"link":{"type":"url","value":"https://bing.com"},"dataType":"image"}', 13),
(35, 1, '{"image":"https://img.pddpic.com/gaudit-image/2023-03-03/4aa56691591d8709dc7bb79db150ad6f.jpeg","title":null,"link":{"type":"url","value":"https://baidu.com"},"dataType":"image"}', 14),
(36, 2, '{"image":"https://img.pddpic.com/gaudit-image/2023-05-31/2b22395407796522922e249b3a488c47.jpeg","title":null,"link":{"type":"url","value":"https://google.com"},"dataType":"image"}', 14);
ALTER TABLE mooc_page_block_data AUTO_INCREMENT=37;
set foreign_key_checks = 1; # 启用外键约束