insert into mooc_categories (`id`, `code`, `name`)
values (1, 'cat_b_m', 'Business & Management');
insert into mooc_categories (`id`, `code`, `name`)
values (2, 'cat_c_s', 'Computer Science');
insert into mooc_categories (`id`, `code`, `name`)
values (3, 'cat_d_s', 'Data Science');
insert into mooc_categories (`id`, `code`, `name`)
values (4, 'cat_d', 'Design');
insert into mooc_categories (`id`, `code`, `name`)
values (5, 'cat_h', 'Health');
insert into mooc_categories (`id`, `code`, `name`)
values (6, 'cat_l', 'Language');
insert into mooc_categories (`id`, `code`, `name`)
values (7, 'cat_m_l', 'Math & Logic');
insert into mooc_categories (`id`, `code`, `name`)
values (8, 'cat_p_d', 'Personal Development');
insert into mooc_categories (`id`, `code`, `name`)
values (9, 'cat_p_s_e', 'Physical Science & Engineering');
insert into mooc_categories (`id`, `code`, `name`)
values (10, 'cat_s_s', 'Social Sciences');
insert into mooc_categories (`id`, `code`, `name`)
values (11, 'cat_t_p', 'Test Prep');
insert into mooc_categories (`id`, `code`, `name`)
values (12, 'cat_n', 'None');
insert into mooc_products (`id`, `name`, `description`, `price`)
values (1, 'Business & Management 1', 'Learn how to use data to make better decisions', 10);
insert into mooc_products (`id`, `name`, `description`, `price`)
values (2, 'Computer Science 2', 'Learn how to use data to make better decisions', 20);
insert into mooc_products (`id`, `name`, `description`, `price`)
values (3, 'Computer Science 3', 'Learn how to use data to make better decisions', 30);
insert into mooc_products (`id`, `name`, `description`, `price`)
values (4, 'Data Science 4', 'Learn how to use data to make better decisions', 40);
insert into mooc_products (`id`, `name`, `description`, `price`)
values (5, 'Data Science 5', 'Learn how to use data to make better decisions', 50);
insert into mooc_products (`id`, `name`, `description`, `price`)
values (6, 'Data Science 6', 'Learn how to use data to make better decisions', 60);
insert into mooc_products (`id`, `name`, `description`, `price`)
values (7, 'Design 7', 'Learn how to use data to make better decisions', 70);
insert into mooc_products (`id`, `name`, `description`, `price`)
values (8, 'Health 8', 'Learn how to use data to make better decisions', 80);
insert into mooc_products (`id`, `name`, `description`, `price`)
values (9, 'Health 9', 'Learn how to use data to make better decisions', 90);
insert into mooc_products (`id`, `name`, `description`, `price`)
values (10, 'Language 10', 'Learn how to use data to make better decisions', 100);
insert into mooc_products (`id`, `name`, `description`, `price`)
values (11, 'Language 11', 'Learn how to use data to make better decisions', 110);
insert into mooc_products (`id`, `name`, `description`, `price`)
values (12, 'Language 12', 'Learn how to use data to make better decisions', 120);
insert into mooc_products (`id`, `name`, `description`, `price`)
values (13, 'Math & Logic 13', 'Learn how to use data to make better decisions', 130);
insert into mooc_products (`id`, `name`, `description`, `price`)
values (14, 'Math & Logic 14', 'Learn how to use data to make better decisions', 140);
insert into mooc_products (`id`, `name`, `description`, `price`)
values (15, 'Personal Development 15', 'Learn how to use data to make better decisions', 150);
insert into mooc_products (`id`, `name`, `description`, `price`)
values (16, 'Physical Science & Engineering 16', 'Learn how to use data to make better decisions', 160);
insert into mooc_products (`id`, `name`, `description`, `price`)
values (17, 'Social Sciences 17', 'Learn how to use data to make better decisions', 170);
insert into mooc_products (`id`, `name`, `description`, `price`)
values (18, 'Test Prep 18', 'Learn how to use data to make better decisions', 180);
insert into mooc_products (`id`, `name`, `description`, `price`)
values (19, 'Test Prep 19', 'Learn how to use data to make better decisions', 190);
insert into mooc_products (`id`, `name`, `description`, `price`)
values (20, 'Test Prep 20', 'Learn how to use data to make better decisions', 200);
insert into mooc_products (`id`, `name`, `description`, `price`)
values (21, 'None 21', 'Learn how to use data to make better decisions', 210);
insert into mooc_products (`id`, `name`, `description`, `price`)
values (22, 'None 22', 'Learn how to use data to make better decisions', 220);
insert into mooc_products (`id`, `name`, `description`, `price`)
values (23, 'None 23', 'Learn how to use data to make better decisions', 230);
insert into mooc_products (`id`, `name`, `description`, `price`)
values (24, 'None 24', 'Learn how to use data to make better decisions', 240);
insert into mooc_product_categories (`product_id`, `category_id`)
values (1, 1);
insert into mooc_product_categories (`product_id`, `category_id`)
values (2, 2);
insert into mooc_product_categories (`product_id`, `category_id`)
values (3, 2);
insert into mooc_product_categories (`product_id`, `category_id`)
values (4, 3);
insert into mooc_product_categories (`product_id`, `category_id`)
values (5, 3);
insert into mooc_product_categories (`product_id`, `category_id`)
values (6, 3);
insert into mooc_product_categories (`product_id`, `category_id`)
values (7, 4);
insert into mooc_product_categories (`product_id`, `category_id`)
values (8, 5);
insert into mooc_product_categories (`product_id`, `category_id`)
values (9, 5);
insert into mooc_product_categories (`product_id`, `category_id`)
values (10, 6);
insert into mooc_product_categories (`product_id`, `category_id`)
values (11, 6);
insert into mooc_product_categories (`product_id`, `category_id`)
values (12, 6);
insert into mooc_product_categories (`product_id`, `category_id`)
values (13, 7);
insert into mooc_product_categories (`product_id`, `category_id`)
values (14, 7);
insert into mooc_product_categories (`product_id`, `category_id`)
values (15, 8);
insert into mooc_product_categories (`product_id`, `category_id`)
values (16, 9);
insert into mooc_product_categories (`product_id`, `category_id`)
values (17, 10);
insert into mooc_product_categories (`product_id`, `category_id`)
values (18, 11);
insert into mooc_product_categories (`product_id`, `category_id`)
values (19, 11);
insert into mooc_product_categories (`product_id`, `category_id`)
values (20, 11);
insert into mooc_product_categories (`product_id`, `category_id`)
values (21, 12);
insert into mooc_product_categories (`product_id`, `category_id`)
values (22, 12);
insert into mooc_product_categories (`product_id`, `category_id`)
values (23, 12);
insert into mooc_product_categories (`product_id`, `category_id`)
values (24, 12);
insert into mooc_product_images (`product_id`, `image_url`)
values (1, 'https://www.edx.org/sites/default/files/course/image/promoted/business-analytics-1.jpg');
insert into mooc_product_images (`product_id`, `image_url`)
values (2, 'https://www.edx.org/sites/default/files/course/image/promoted/ai-for-everyone-1.jpg');
insert into mooc_product_images (`product_id`, `image_url`)
values (3, 'https://www.edx.org/sites/default/files/course/image/promoted/ai-for-everyone-1.jpg');
insert into mooc_product_images (`product_id`, `image_url`)
values (4, 'https://www.edx.org/sites/default/files/course/image/promoted/data-science-1.jpg');
insert into mooc_product_images (`product_id`, `image_url`)
values (5, 'https://www.edx.org/sites/default/files/course/image/promoted/data-science-1.jpg');
insert into mooc_product_images (`product_id`, `image_url`)
values (6, 'https://www.edx.org/sites/default/files/course/image/promoted/data-science-1.jpg');
insert into mooc_product_images (`product_id`, `image_url`)
values (7, 'https://www.edx.org/sites/default/files/course/image/promoted/design-thinking-1.jpg');
insert into mooc_product_images (`product_id`, `image_url`)
values (8, 'https://www.edx.org/sites/default/files/course/image/promoted/healthcare-analytics-1.jpg');
insert into mooc_product_images (`product_id`, `image_url`)
values (9, 'https://www.edx.org/sites/default/files/course/image/promoted/healthcare-analytics-1.jpg');
insert into mooc_product_images (`product_id`, `image_url`)
values (10, 'https://www.edx.org/sites/default/files/course/image/promoted/learn-spanish-1.jpg');
insert into mooc_product_images (`product_id`, `image_url`)
values (11, 'https://www.edx.org/sites/default/files/course/image/promoted/learn-spanish-1.jpg');
insert into mooc_product_images (`product_id`, `image_url`)
values (12, 'https://www.edx.org/sites/default/files/course/image/promoted/learn-spanish-1.jpg');
insert into mooc_product_images (`product_id`, `image_url`)
values (13, 'https://www.edx.org/sites/default/files/course/image/promoted/mathematical-thinking-1.jpg');
insert into mooc_product_images (`product_id`, `image_url`)
values (14, 'https://www.edx.org/sites/default/files/course/image/promoted/mathematical-thinking-1.jpg');
insert into mooc_product_images (`product_id`, `image_url`)
values (15, 'https://www.edx.org/sites/default/files/course/image/promoted/leadership-1.jpg');
insert into mooc_product_images (`product_id`, `image_url`)
values (16, 'https://www.edx.org/sites/default/files/course/image/promoted/robotics-1.jpg');
insert into mooc_product_images (`product_id`, `image_url`)
values (17, 'https://www.edx.org/sites/default/files/course/image/promoted/psychology-1.jpg');
insert into mooc_product_images (`product_id`, `image_url`)
values (18, 'https://www.edx.org/sites/default/files/course/image/promoted/ielts-1.jpg');
insert into mooc_product_images (`product_id`, `image_url`)
values (19, 'https://www.edx.org/sites/default/files/course/image/promoted/ielts-1.jpg');
insert into mooc_product_images (`product_id`, `image_url`)
values (20, 'https://www.edx.org/sites/default/files/course/image/promoted/ielts-1.jpg');
insert into mooc_product_images (`product_id`, `image_url`)
values (21, 'https://www.edx.org/sites/default/files/course/image/promoted/none-1.jpg');
insert into mooc_product_images (`product_id`, `image_url`)
values (22, 'https://www.edx.org/sites/default/files/course/image/promoted/none-1.jpg');
insert into mooc_product_images (`product_id`, `image_url`)
values (23, 'https://www.edx.org/sites/default/files/course/image/promoted/none-1.jpg');
insert into mooc_product_images (`product_id`, `image_url`)
values (24, 'https://www.edx.org/sites/default/files/course/image/promoted/none-1.jpg');